{
  "name": "ZNxtApp.Core.Module.App",
  "description": "This is ZNxtApp core app module. This module contains base APIs for the ZNxtApp",
  "version": "1.0",
  "is_system_module" :  true,
  "dependent_mudules": [ ],
  "collections": [
    {
      "name": "app_settings",
      "access_type": "read_only"
    },
    {
      "name": "backend_ui_routes",
      "access_type": "read_only"
    },
    {
      "name": "server_routes",
      "access_type": "read_only"
    },
    {
      "name": "sms_template",
      "access_type": "owner"
    },
    {
      "name": "email_template",
      "access_type": "owner"
    }
  ]
}