﻿[

  {
    "key": "adv_modules",
    "label": "Modules",
    "href": "/adv_modules",
    "icon": "fa-paw",
    "display_area": "main_body",
    "url": "#",
    "config": {
      "templateUrl": "app/developer/modules/module.html"
    },
    "parent_links": [
      "advance"
    ],
    "auth_users": [
      "sys_admin"
    ],
    "index": 80
  },
  {
    "key": "adv_logs",
    "label": "Logs",
    "href": "/adv_logs",
    "icon": "fa-paw",
    "display_area": "main_body",
    "url": "#",
    "config": {
      "templateUrl": "app/developer/log/log.html"
    },
    "parent_links": [
      "advance"
    ],
    "auth_users": [
      "sys_admin"
    ],
    "index": 100
  },
  {
    "key": "user_profile",
    "label": "User Profile",
    "href": "/user_profile",
    "icon": "fa-paw",
    "display_area": "main_body",
    "url": "#",
    "config": {
      "templateUrl": "app/users/userprofile/userprofile.html"
    },
    "parent_links": [
      "user_profile"
    ],
    "auth_users": [
      "sys_admin"
    ],
    "index": 100
  },
  {
    "key": "users",
    "label": "Users",
    "href": "/users",
    "icon": "fa-users",
    "display_area": "main_body",
    "url": "#",
    "config": {
      "templateUrl": "app/users/users.html"
    },
    "auth_users": [
      "sys_admin"
    ],
    "index": 90
  },
  {
    "key": "user_profile_general",
    "label": "General",
    "icon": "fa-cogs",
    "display_area": "user_profile_body",
    "config": {
      "templateUrl": "app/users/userprofile/general.html"
    },
    "parent_links": [
      "user_profile"
    ],
    "auth_users": [
      "sys_admin"
    ],
    "index": 10
  },
  {
    "key": "user_profile_address",
    "label": "Address",
    "icon": "fa-home",
    "display_area": "user_profile_body",
    "config": {
      "templateUrl": "app/users/userprofile/address.html"
    },
    "parent_links": [
      "user_profile"
    ],
    "auth_users": [
      "sys_admin"
    ],
    "index": 20
  },
  {
    "key": "user_profile_pasword",
    "label": "Reset Password",
    "icon": "fa-lock",
    "display_area" :  "user_profile_body",
    "config": {
      "templateUrl": "app/users/userprofile/resetpassword.html"
    },
    "parent_links": [
      "user_profile"
    ],
    "auth_users": [
      "sys_admin"
    ],
    "index": 9999
  },
  {
    "key": "adv_settings",
    "label": "Settings",
    "href": "/adv_settings",
    "icon": "fa-paw",
    "display_area": "main_body",
    "url": "#",
    "config": {
      "templateUrl": "app/developer/settings/settings.html"
    },
    "parent_links": [
      "advance"
    ],
    "auth_users": [
      "sys_admin"
    ],
    "index": 80
  },
  {
    "key": "adv_server_routes",
    "label": "Routes",
    "href": "/adv_server_routes",
    "icon": "fa-paw",
    "display_area": "main_body",
    "url": "#",
    "config": {
      "templateUrl": "app/developer/server_routes/serverRoutes.html"
    },
    "parent_links": [
      "advance"
    ],
    "auth_users": [
      "sys_admin"
    ],
    "index": 90
  },
  {
    "key": "adv_backend_ui_routes",
    "label": "Backend UI Routes",
    "href": "/adv_backend_ui_routes",
    "icon": "fa-paw",
    "display_area": "main_body",
    "url": "#",
    "config": {
      "templateUrl": "app/developer/ui_routes/backendUIRoutes.html"
    },
    "parent_links": [
      "advance"
    ],
    "auth_users": [
      "sys_admin"
    ],
    "index": 100
  },
  {
    "key": "adv_pages_blocks",
    "label": "Pages",
    "href": "/adv_pages_blocks",
    "icon": "fa-paw",
    "display_area": "main_body",
    "url": "#",
    "config": {
      "templateUrl": "app/developer/pages/pages.html"
    },
    "parent_links": [
      "advance"
    ],
    "auth_users": [
      "sys_admin"
    ],
    "index": 110
  }
]