﻿[

  {
    "key": "OTP_SIGN_UP_EMAIL",
    "body": "@Model[\"app_name\"] sign up OTP is @Model[\"otp\"]. DO NOT SHARE WITH ANYONE"
  },
   {
    "key": "OTP_FORGET_PASS_EMAIL",
    "body": "@Model[\"app_name\"] forget password OTP is @Model[\"otp\"]. DO NOT SHARE WITH ANYONE"
  },
  
  {
        "key": "user_email_registration",
        "body": "user_email_registration {#email#}",
        "subject": "User Registration",
        "is_from_file":  true
    },
    {
        "key": "user_forgetpassword",
        "body": "user_forgetpassword {#otp#}",
        "subject" :  "Forget password"
    }
]