[
   {
      "key":"ACTION:/api/get_backend_menu",
      "ContentType":"application/json",
      "Method":"ACTION",
      "Route":"/api/get_backend_menu",
      "ExecultAssembly":"ZNxtApp.Core.Module.App.dll",
      "ExecuteType":"ZNxtApp.Core.Module.App.Services.Api.Menu.BackendMenuController",
      "ExecuteMethod":"GetMenuItems",
      "auth_users":[
         "*"
      ]
   },
   {
      "key":"ACTION:/api/model/signup",
      "ContentType":"application/json",
      "Method":"ACTION",
      "Route":"/api/model/signup",
      "ExecultAssembly":"ZNxtApp.Core.Module.App.dll",
      "ExecuteType":"ZNxtApp.Core.Module.App.Services.Api.Signup.SignUpCommonController",
      "ExecuteMethod":"SignupModel",
      "auth_users":[
         "*"
      ]
   },
  {
    "key": "POST:/api/user/facebook/auth",
    "ContentType": "application/json",
    "Method": "POST",
    "Route": "/api/user/facebook/auth",
    "ExecultAssembly": "ZNxtApp.Core.Module.App.dll",
    "ExecuteType": "ZNxtApp.Core.Module.App.Services.Api.Signup.FacebookAuthUserController",
    "ExecuteMethod": "Auth",
    "auth_users": [
      "*"
    ]
  },
  {
    "key": "POST:/api/user/registration/SendOTP",
    "ContentType": "application/json",
    "Method": "POST",
    "Route": "/api/user/registration/SendOTP",
    "ExecultAssembly": "ZNxtApp.Core.Module.App.dll",
    "ExecuteType": "ZNxtApp.Core.Module.App.Services.Api.Signup.SignUpCommonController",
    "ExecuteMethod": "SendSignUpOTP",
    "auth_users": [
      "*"
    ]
  },
  {
    "key": "POST:/api/user/registration/OTP",
    "ContentType": "application/json",
    "Method": "POST",
    "Route": "/api/user/registration/OTP",
    "ExecultAssembly": "ZNxtApp.Core.Module.App.dll",
    "ExecuteType": "ZNxtApp.Core.Module.App.Services.Api.Signup.SignUpCommonController",
    "ExecuteMethod": "ValidateOTP",
    "auth_users": [
      "*"
    ]
  },
  {
    "key": "POST:/api/user/registration/signup",
    "ContentType": "application/json",
    "Method": "POST",
    "Route": "/api/user/registration/signup",
    "ExecultAssembly": "ZNxtApp.Core.Module.App.dll",
    "ExecuteType": "ZNxtApp.Core.Module.App.Services.Api.Signup.SignUpCommonController",
    "ExecuteMethod": "CreateUser",
    "auth_users": [
      "*"
    ]
  },
  {
    "key": "POST:/api/auth/login",
    "ContentType": "application/json",
    "Method": "POST",
    "Route": "/api/auth/login",
    "ExecultAssembly": "ZNxtApp.Core.Module.App.dll",
    "ExecuteType": "ZNxtApp.Core.Module.App.Services.Api.Login.LoginController",
    "ExecuteMethod": "Login",
    "auth_users": [
      "*"
    ]
  },
  {
    "key": "ACTION:/api/auth/logout",
    "ContentType": "application/json",
    "Method": "ACTION",
    "Route": "/api/auth/logout",
    "ExecultAssembly": "ZNxtApp.Core.Module.App.dll",
    "ExecuteType": "ZNxtApp.Core.Module.App.Services.Api.Logout.LogoutController",
    "ExecuteMethod": "LogoutAction",
    "auth_users": [
      "*"
    ]
  },
  {
    "key": "GET:/api/getjs",
    "ContentType": "text/javascript",
    "Method": "GET",
    "Route": "/api/getjs",
    "ExecultAssembly": "ZNxtApp.Core.Module.App.dll",
    "ExecuteType": "ZNxtApp.Core.Module.App.Services.Api.GetJs.GetJsController",
    "ExecuteMethod": "Get",
    "auth_users": [
      "*"
    ]
  },
  {
    "key": "GET:/api/admin/module",
    "ContentType": "application/json",
    "Method": "GET",
    "Route": "/api/admin/module",
    "ExecultAssembly": "ZNxtApp.Core.Module.App.dll",
    "ExecuteType": "ZNxtApp.Core.Module.App.Services.Api.Module.GetModuleController",
    "ExecuteMethod": "GetModules",
    "auth_users": [
      "sys_admin"
    ]
  },
  {
    "key": "POST://api/user/forgetpassword/SendOTP",
    "ContentType": "application/json",
    "Method": "POST",
    "Route": "/api/user/forgetpassword/SendOTP",
    "ExecultAssembly": "ZNxtApp.Core.Module.App.dll",
    "ExecuteType": "ZNxtApp.Core.Module.App.Services.Api.Forgetpassword.Forgetpassword",
    "ExecuteMethod": "SendForgetpassOTP",
    "auth_users": [
      "*"
    ]
  },
  {
    "key": "POST:/api/user/forgetpassword/resetpassword",
    "ContentType": "application/json",
    "Method": "POST",
    "Route": "/api/user/forgetpassword/resetpassword",
    "ExecultAssembly": "ZNxtApp.Core.Module.App.dll",
    "ExecuteType": "ZNxtApp.Core.Module.App.Services.Api.Forgetpassword.Forgetpassword",
    "ExecuteMethod": "ResetPassword",
    "auth_users": [
      "*"
    ]
  },
  {
    "key": "GET:/api/admin/log",
    "ContentType": "application/json",
    "Method": "GET",
    "Route": "/api/admin/log",
    "ExecultAssembly": "ZNxtApp.Core.Module.App.dll",
    "ExecuteType": " ZNxtApp.Core.Module.App.Services.Api.Log.LogController",
    "ExecuteMethod": "Get",
    "auth_users": [
      "sys_admin"
    ]
  },
  {
    "key": "GET:/api/admin/users",
    "ContentType": "application/json",
    "Method": "GET",
    "Route": "/api/admin/users",
    "ExecultAssembly": "ZNxtApp.Core.Module.App.dll",
    "ExecuteType": "ZNxtApp.Core.Module.App.Services.Api.UserManagement.UsersController",
    "ExecuteMethod": "Get",
    "auth_users": [
      "sys_admin"
    ]
  },
  {
    "key": "POST:/api/admin/userinfo/update",
    "ContentType": "application/json",
    "Method": "POST",
    "Route": "/api/admin/userinfo/update",
    "ExecultAssembly": "ZNxtApp.Core.Module.App.dll",
    "ExecuteType": "ZNxtApp.Core.Module.App.Services.Api.UserManagement.UpdateUserInfo",
    "ExecuteMethod": "AdminUpdate",
    "auth_users": [
      "sys_admin"
    ]
  },
  {
    "key": "POST:/api/admin/userpic/update",
    "ContentType": "application/json",
    "Method": "POST",
    "Route": "/api/admin/userpic/update",
    "ExecultAssembly": "ZNxtApp.Core.Module.App.dll",
    "ExecuteType": "ZNxtApp.Core.Module.App.Services.Api.UserManagement.UpdateUserInfo",
    "ExecuteMethod": "AdminChangeUserImage",
    "auth_users": [
      "sys_admin"
    ]
  }
  ,
  {
    "key": "GET:/api/admin/settings",
    "ContentType": "application/json",
    "Method": "GET",
    "Route": "/api/admin/settings",
    "ExecultAssembly": "ZNxtApp.Core.Module.App.dll",
    "ExecuteType": "ZNxtApp.Core.Module.App.Services.Api.Setting.SettingController",
    "ExecuteMethod": "Get",
    "auth_users": [
      "sys_admin"
    ]
  },
  {
    "key": "POST:/api/admin/setting/update",
    "ContentType": "application/json",
    "Method": "POST",
    "Route": "/api/admin/setting/update",
    "ExecultAssembly": "ZNxtApp.Core.Module.App.dll",
    "ExecuteType": "ZNxtApp.Core.Module.App.Services.Api.Setting.SettingController",
    "ExecuteMethod": "Update",
    "auth_users": [
      "sys_admin"
    ]
  },
  {
    "key": "GET:/api/admin/server_routes",
    "ContentType": "application/json",
    "Method": "GET",
    "Route": "/api/admin/server_routes",
    "ExecultAssembly": "ZNxtApp.Core.Module.App.dll",
    "ExecuteType": "ZNxtApp.Core.Module.App.Services.Api.ServerRoutes.ServerRotesController",
    "ExecuteMethod": "Get",
    "auth_users": [
      "sys_admin"
    ]
  },
  {
    "key": "POST:/api/admin/server_routes/update",
    "ContentType": "application/json",
    "Method": "POST",
    "Route": "/api/admin/server_routes/update",
    "ExecultAssembly": "ZNxtApp.Core.Module.App.dll",
    "ExecuteType": "ZNxtApp.Core.Module.App.Services.Api.ServerRoutes.ServerRotesController",
    "ExecuteMethod": "Update",
    "auth_users": [
      "sys_admin"
    ]
  },
  {
    "key": "GET:/api/admin/common/get",
    "ContentType": "application/json",
    "Method": "GET",
    "Route": "/api/admin/common/get",
    "ExecultAssembly": "ZNxtApp.Core.Module.App.dll",
    "ExecuteType": "ZNxtApp.Core.Module.App.Services.Api.Common.CommonGetController",
    "ExecuteMethod": "Get",
    "auth_users": [
      "sys_admin"
    ]
  },
  {
    "key": "POST:/api/content/update",
    "ContentType": "application/json",
    "Method": "POST",
    "Route": "/api/content/update",
    "ExecultAssembly": "ZNxtApp.Core.Module.App.dll",
    "ExecuteType": "ZNxtApp.Core.Module.App.Services.Api.Content.UpdateContent",
    "ExecuteMethod": "Update",
    "auth_users": [
      "sys_admin"
    ]
  }
]